CODIGO DE BARRA;SKU/DESCRIPCION;CATEGORIA;MARCA;CM TOTAL;ID;PROVEEDOR;MEDIR;QUE SE MIDE;NO DEFINIDO
7840058004055; GASEOSA COLA 3LT COCA COLA ENV NO RETORNABLE;BEBIDAS;NULL;NULL;1;NULL;MEDIR;Q;STK Britez Borges
7840028203983; GASEOSA DESC COLA 3LT PEPSI BOT;BEBIDAS;NULL;NULL;2;NULL;MEDIR;Q;STK Britez Borges
7840028203990; GASEOSA DESC GUARANA 3LT MIRINDA BOT;BEBIDAS;NULL;NULL;3;NULL;MEDIR;Q;STK Britez Borges
7840058000675; GASEOSA COCA COLA BOT DESC. 1.5 LT;BEBIDAS;NULL;NULL;4;NULL;MEDIR;Q;STK Britez Borges
7840058000026; GASEOSA COLA 2LT COCA COLA DESCARTABLE BOTELLA;BEBIDAS;NULL;NULL;5;NULL;MEDIR;Q;STK Britez Borges
7804300120467; VINO TINTO SANTA HELENA BOT 750 CC;BEBIDAS;NULL;NULL;6;NULL;MEDIR;Q;STK Britez Borges
248785; AGUA MINERAL SELTZ SIN SODIO 20LTS;BEBIDAS;NULL;NULL;7;NULL;MEDIR;Q;STK Britez Borges
3456916; CERVEZA 650 ML MILLER GENUINE DRAFT BOT;BEBIDAS;NULL;NULL;8;NULL;MEDIR;Q;STK Britez Borges
80660956411; CERVEZA 710 ML CORONA EXTRA BOT;BEBIDAS;NULL;NULL;9;NULL;MEDIR;Q;STK Britez Borges
7840779006703; GASEOSA NARANJA DESC 3LTS PULP BOT;BEBIDAS;NULL;NULL;10;NULL;MEDIR;Q;STK Britez Borges
7840058006714; JUGO LIQUIDO DURAZNO 1.5LTS FRUGOS DEL VALLE TETRA;BEBIDAS;NULL;NULL;11;NULL;MEDIR;Q;STK Britez Borges
7840028204010; GASEOSA DESC POMELO 3LT PASO DE LOS TOROS BOT;BEBIDAS;NULL;NULL;12;NULL;MEDIR;Q;STK Britez Borges
7896037913146; VINO QUINTA DO MORGADO 750 ML SUAVE;BEBIDAS;NULL;NULL;13;NULL;MEDIR;Q;STK Britez Borges
78400030; CERVEZA BRAHMA CHOPP RETORNABLE BOT 940ML;BEBIDAS;NULL;NULL;14;NULL;MEDIR;Q;STK Britez Borges
34100005542;" CERVEZA ""MILLER"" GENUINE DRAF LATA 355ML";BEBIDAS;NULL;NULL;15;NULL;MEDIR;Q;STK Britez Borges
7840779001050; GASEOSA PULP NARANJA X 2000CC;BEBIDAS;NULL;NULL;16;NULL;MEDIR;Q;STK Britez Borges
7840050002820; CERVEZA 710ML BUDWEISER 66 BOT;BEBIDAS;NULL;NULL;17;NULL;MEDIR;Q;STK Britez Borges
7840779008318; JUGO NECTAR DURAZNO 1.5 LITROS WATTS TETRA;BEBIDAS;NULL;NULL;18;NULL;MEDIR;Q;STK Britez Borges
78409613; CERVEZA PILSEN TRADICIONAL RETORNABLE BOT 940ML;BEBIDAS;NULL;NULL;19;NULL;MEDIR;Q;STK Britez Borges
7804300120566; VINOS SANTA HELENA BOT 1.5 LT.;BEBIDAS;NULL;NULL;20;NULL;MEDIR;Q;STK Britez Borges
7840058005472; GASEOSA FANTA NARANJA 3 LITROS BOT DESCARTABLE;BEBIDAS;NULL;NULL;21;NULL;MEDIR;Q;STK Britez Borges
7840028202146; GASEOSA MIRINDA GUARANA DESCARTABLE BOT 2LT;BEBIDAS;NULL;NULL;22;NULL;MEDIR;Q;STK Britez Borges
7840058006615; GASEOSA ZERO AZUCAR 2LT SPRITE PET;BEBIDAS;NULL;NULL;23;NULL;MEDIR;Q;STK Britez Borges
7790895643835; JUGO LIQUIDO MANZANA 1LT ADES TETRA;BEBIDAS;NULL;NULL;24;NULL;MEDIR;Q;STK Britez Borges
7840028202092; GASEOSA PEPSI COLA DESCARTABLE BOT 2LT;BEBIDAS;NULL;NULL;25;NULL;MEDIR;Q;STK Britez Borges
7840058002938; GASEOSA CRUSH PIÑA BOT DESCART 2LT;BEBIDAS;NULL;NULL;26;NULL;MEDIR;Q;STK Britez Borges
7840058007407; GASEOSA PIÑA 3LT CRUSH PET;BEBIDAS;NULL;NULL;27;NULL;MEDIR;Q;STK Britez Borges
7840058005489; GASEOSA FANTA GUARANA 3 LITROS BOT DESCARTABLE;BEBIDAS;NULL;NULL;28;NULL;MEDIR;Q;STK Britez Borges
28571919; SIDRA BIANCA SABOR MANZANA 910ML BOT;BEBIDAS;NULL;NULL;29;NULL;MEDIR;Q;STK Britez Borges
75032715; CERVEZA CORONA BOT DESC 355ML;BEBIDAS;NULL;NULL;30;NULL;MEDIR;Q;STK Britez Borges
7790703100321; VINO TINTO LACRADO 750ML DON VALENTIN BOT;BEBIDAS;NULL;NULL;31;NULL;MEDIR;Q;STK Britez Borges
7790895643866; JUGO DE SOJA FRUTOS TROPICALES 1LT ADES TETRA;BEBIDAS;NULL;NULL;32;NULL;MEDIR;Q;STK Britez Borges
7790036046327; VINO TINTO UVITA BRK 1 LT. TET;BEBIDAS;NULL;NULL;33;NULL;MEDIR;Q;STK Britez Borges
78400313;" CERVEZA ""PILSEN"" TRAD LATA 354ML";BEBIDAS;NULL;NULL;34;NULL;MEDIR;Q;STK Britez Borges
34100001568; CERVEZA GENUINE DRAFT 237ML MILLER LAT;BEBIDAS;NULL;NULL;35;NULL;MEDIR;Q;STK Britez Borges
7840779002972; GASEOSA PULP NARANJA BOT 1 LT  PULP;BEBIDAS;NULL;NULL;36;NULL;MEDIR;Q;STK Britez Borges
7840058004673; GASEOSA GUARANA 2LT FANTA BOT DESC;BEBIDAS;NULL;NULL;37;NULL;MEDIR;Q;STK Britez Borges
5010327000039;" WHISKY ""GRANTS"" S/CAJA CON GOTERO 1LT";BEBIDAS;NULL;NULL;38;NULL;MEDIR;Q;STK Britez Borges
7896037913603; VINO TINTO 2LT QUINTA DO MORGADO BOT;BEBIDAS;NULL;NULL;39;NULL;MEDIR;Q;STK Britez Borges
7804300149307; VINO TINTO DULCE 750 ML SANTA HELENA BOT;BEBIDAS;NULL;NULL;40;NULL;MEDIR;Q;STK Britez Borges
7840058000477; GASEOSA COCA COLA BOT 2 LT RETORNABLE;BEBIDAS;NULL;NULL;41;NULL;MEDIR;Q;STK Britez Borges
78404533; CERVEZA OURO FINO LATA 354ML;BEBIDAS;NULL;NULL;42;NULL;MEDIR;Q;STK Britez Borges
7840058000019; GASEOSA COCA COLA BOT 500CC DESCARTABLE;BEBIDAS;NULL;NULL;43;NULL;MEDIR;Q;STK Britez Borges
8712000030582; CERVEZA HEINEKEN OW LAGER BOT NO RET 650ML;BEBIDAS;NULL;NULL;44;NULL;MEDIR;Q;STK Britez Borges
7840058004086; GASEOSA ZERO DESC 2LT COCA COLA BOT;BEBIDAS;NULL;NULL;45;NULL;MEDIR;Q;STK Britez Borges
7792798002351; CERVEZA AMBER LAGER 730CC PATAGONIA BOT;BEBIDAS;NULL;NULL;46;NULL;MEDIR;Q;STK Britez Borges
7840779008301; JUGO NECTAR NARANJA 1.5 LITROS WATTS TETRA;BEBIDAS;NULL;NULL;47;NULL;MEDIR;Q;STK Britez Borges
7840058006622; GASEOSA ZERO AZUCAR 3LT SPRITE PET;BEBIDAS;NULL;NULL;48;NULL;MEDIR;Q;STK Britez Borges
7840188000118; JUGO LISTOS WATT S NECTAR DURAZNO 200 CC;BEBIDAS;NULL;NULL;49;NULL;MEDIR;Q;STK Britez Borges
7840779008349; JUGO NECTAR DURAZNO LIGHT 1.5 LITROS WATTS TETRA;BEBIDAS;NULL;NULL;50;NULL;MEDIR;Q;STK Britez Borges
7840188000040; JUGO LISTOS WATTS DURAZNO BRK 1 LT;BEBIDAS;NULL;NULL;51;NULL;MEDIR;Q;STK Britez Borges
7840779003955; JUGO PUROSOL MANZ TETRA 150ML PUROSOL;BEBIDAS;NULL;NULL;52;NULL;MEDIR;Q;STK Britez Borges
7840050002639; CERVEZA 269ML OURO FINO LATA;BEBIDAS;NULL;NULL;53;NULL;MEDIR;Q;STK Britez Borges
7840779007007; JUGO FRUTOS ROJOS 1LT WATTS TETRA;BEBIDAS;NULL;NULL;54;NULL;MEDIR;Q;STK Britez Borges
7840058002549; GASEOSA COCA COLA ZERO DESC. 1.5LT;BEBIDAS;NULL;NULL;55;NULL;MEDIR;Q;STK Britez Borges
7840028202443; GASEOSA POMELO 2LTS PASO DE LOS TOROS BOT;BEBIDAS;NULL;NULL;56;NULL;MEDIR;Q;STK Britez Borges
7840058000057; GASEOSA NARANJA FA BOT 2 LT;BEBIDAS;NULL;NULL;57;NULL;MEDIR;Q;STK Britez Borges
7840058006653; JUGO LIQUIDO NARANJA 1.5LTS FRUGOS DEL VALLE TETRA;BEBIDAS;NULL;NULL;58;NULL;MEDIR;Q;STK Britez Borges
7840025110710; CERVEZA ROYAL 330ML MUNICH BOT NO RETORNABLE;BEBIDAS;NULL;NULL;59;NULL;MEDIR;Q;STK Britez Borges
7840058003898; AGUA MINERALIZADA S/GAS 2250ML DASANI BOTELLA;BEBIDAS;NULL;NULL;60;NULL;MEDIR;Q;STK Britez Borges
7840058000361; GASEOSA COCA COLA RET BOT 1.5LT;BEBIDAS;NULL;NULL;61;NULL;MEDIR;Q;STK Britez Borges
7840058006691; JUGO LIQUIDO DURAZNO 1LT FRUGOS DEL VALLE TETRA;BEBIDAS;NULL;NULL;62;NULL;MEDIR;Q;STK Britez Borges
7622300861186; JUGO EN POLVO NARANJA 25GR TANG SOB;BEBIDAS;NULL;NULL;63;NULL;MEDIR;Q;STK Britez Borges
7790036047324; VINO ROSADO UVITA BRK 1 LT. TETRA;BEBIDAS;NULL;NULL;64;NULL;MEDIR;Q;STK Britez Borges
7840779002729; JUGO PURO SOL CITRUS 1000 ML;BEBIDAS;NULL;NULL;65;NULL;MEDIR;Q;STK Britez Borges
7804300149314; VINO TINTO DULCE 1.5LT SANTA HELENA BOT;BEBIDAS;NULL;NULL;66;NULL;MEDIR;Q;STK Britez Borges
5000281001739; WHISKY EL MONJE BOT 1 LT.;BEBIDAS;NULL;NULL;67;NULL;MEDIR;Q;STK Britez Borges
7840779003962; JUGO PUROSOL KIDS DURAZNO TETRA 150ML PUROSOL;BEBIDAS;NULL;NULL;68;NULL;MEDIR;Q;STK Britez Borges
7840058004215; AGUA MINERALIZADA S/GAS 990ML DASANI BOTELLA;BEBIDAS;NULL;NULL;69;NULL;MEDIR;Q;STK Britez Borges
7840779002699; JUGO PURO SOL CITRUS 200 ML;BEBIDAS;NULL;NULL;70;NULL;MEDIR;Q;STK Britez Borges
7840779006710; GASEOSA POMELO 3LTS DESC PULP BOT;BEBIDAS;NULL;NULL;71;NULL;MEDIR;Q;STK Britez Borges
7840779003948; JUGO PUROSOL KIDS CITRUS TETRA 150ML PUROSOL;BEBIDAS;NULL;NULL;72;NULL;MEDIR;Q;STK Britez Borges
7840050002455; CERVEZA 354ML BUDWEISER 66 LATA;BEBIDAS;NULL;NULL;73;NULL;MEDIR;Q;STK Britez Borges
7730130000771; JUGO NECTAR DURAZNO 1.5L WATTS BOT;BEBIDAS;NULL;NULL;74;NULL;MEDIR;Q;STK Britez Borges
7840050003704; CERVEZA 269 ML BUDWEISER 66 LATA;BEBIDAS;NULL;NULL;75;NULL;MEDIR;Q;STK Britez Borges
7840779002569; JUGO DE MANZANA PURO SOL X200ML;BEBIDAS;NULL;NULL;76;NULL;MEDIR;Q;STK Britez Borges
7840188000101;" JUGO ""WATTS"" MANZANA 200ML";BEBIDAS;NULL;NULL;77;NULL;MEDIR;Q;STK Britez Borges
7840188000033; JUGO LISTOS WATTS MANZANA BRK 1 LT;BEBIDAS;NULL;NULL;78;NULL;MEDIR;Q;STK Britez Borges
7840058002945; GASEOSA CRUSH POMELO BOT DESCA 2LT;BEBIDAS;NULL;NULL;79;NULL;MEDIR;Q;STK Britez Borges
7840028204003; GASEOSA DESC NARANJA 3LT MIRINDA BOT;BEBIDAS;NULL;NULL;80;NULL;MEDIR;Q;STK Britez Borges
7790895000232; GASEOSA COCA COLA LAT 330 CC DESCARTABLE;BEBIDAS;NULL;NULL;81;NULL;MEDIR;Q;STK Britez Borges
7840058003638; GASEOSA COCA COLA ZERO RETORNABLE 2LT;BEBIDAS;NULL;NULL;82;NULL;MEDIR;Q;STK Britez Borges
7840779002057; GASEOSA PULP  POMELO BOT 2 LT.DESCARTABLE;BEBIDAS;NULL;NULL;83;NULL;MEDIR;Q;STK Britez Borges
7840058004697; GASEOSA PIÑA 2LT FANTA BOT DESC;BEBIDAS;NULL;NULL;84;NULL;MEDIR;Q;STK Britez Borges
7840779002583; JUGO DE MANZANA PURO SOL X1000ML;BEBIDAS;NULL;NULL;85;NULL;MEDIR;Q;STK Britez Borges
7791203000517; FINCA LA LINDA MALBEC 12x750ML;BEBIDAS;NULL;NULL;86;NULL;MEDIR;Q;STK Britez Borges
7840188000019; JUGO LISTOS WATTS NARANJA BRK 1 LT;BEBIDAS;NULL;NULL;87;NULL;MEDIR;Q;STK Britez Borges
7840779002835; GASEOSA PULP GUARANA PET2000CC;BEBIDAS;NULL;NULL;88;NULL;MEDIR;Q;STK Britez Borges
7840188010223; JUGO LISTOS WATTIS DURAZNO LIGHT 1 LT.;BEBIDAS;NULL;NULL;89;NULL;MEDIR;Q;STK Britez Borges
7840025110765; CERVEZA 350ML MUNICH LATA;BEBIDAS;NULL;NULL;90;NULL;MEDIR;Q;STK Britez Borges
7840058006707; JUGO LIQUIDO DURAZNO 200ML FRUGOS DEL VALLE TETRA;BEBIDAS;NULL;NULL;91;NULL;MEDIR;Q;STK Britez Borges
7622300861148; JUGO EN POLVO ABACAXI 25GR TANG SOB;BEBIDAS;NULL;NULL;92;NULL;MEDIR;Q;STK Britez Borges
7840050004992; CERVEZA 269ML PILSEN LATA;BEBIDAS;NULL;NULL;93;NULL;MEDIR;Q;STK Britez Borges
7840058002877;" BEBIDA ISOTONICA ""POWERADE"" MOUNT BLAST 500ML";BEBIDAS;NULL;NULL;94;NULL;MEDIR;Q;STK Britez Borges
7840058006660; JUGO LIQUIDO MANZANA 1LT FRUGOS DEL VALLE TETRA;BEBIDAS;NULL;NULL;95;NULL;MEDIR;Q;STK Britez Borges
7841112000037;" AGUA MINERAL ""BES"" NAT S/GAS BOT 5LT";BEBIDAS;NULL;NULL;96;NULL;MEDIR;Q;STK Britez Borges
7840025110796; CERVEZA 269 CC MUNICH ROYAL LATA;BEBIDAS;NULL;NULL;97;NULL;MEDIR;Q;STK Britez Borges
78404526;" CERVEZA ""BRAHMA"" CHOPP LATA 354ML";BEBIDAS;NULL;NULL;98;NULL;MEDIR;Q;STK Britez Borges
7840058006639; JUGO LIQUIDO NARANJA 1LT FRUGOS DEL VALLE TETRA;BEBIDAS;NULL;NULL;99;NULL;MEDIR;Q;STK Britez Borges
7840058001443; AGUA TONICA SCHWEPPERS X 500ML;BEBIDAS;NULL;NULL;100;NULL;MEDIR;Q;STK Britez Borges
7840058001825; GASEOSA DESCARTABLE MANDARINA 2LTS FANTA PET;BEBIDAS;NULL;NULL;101;NULL;MEDIR;Q;STK Britez Borges
78412002; GASEOSA DESC NARANJA 250ML PULP BOT;BEBIDAS;NULL;NULL;102;NULL;MEDIR;Q;STK Britez Borges
7840188010803; JUGO WATTS LIGHT NECT MANZANA 1LT;BEBIDAS;NULL;NULL;103;NULL;MEDIR;Q;STK Britez Borges
7840058005229; AGUA SABORIZADA POMELO 1.5L AQUARIUS BOT;BEBIDAS;NULL;NULL;104;NULL;MEDIR;Q;STK Britez Borges
7840779002880; JUGO PUROSOL DURAZNO 200ML;BEBIDAS;NULL;NULL;105;NULL;MEDIR;Q;STK Britez Borges
28571957; SIDRA BIANCA SABOR ANANA 710ML BOT;BEBIDAS;NULL;NULL;106;NULL;MEDIR;Q;STK Britez Borges
8712000025649; HEINEKEN KEG BARRIL X 5 LTS;BEBIDAS;NULL;NULL;107;NULL;MEDIR;Q;STK Britez Borges
7840779008936; JUGO LISTO FRUTTI MIX 200ML PURO SOL TETRA;BEBIDAS;NULL;NULL;108;NULL;MEDIR;Q;STK Britez Borges
7840028202573; GASEOSA GUARANA FREE 2LT MIRINDA BOT;BEBIDAS;NULL;NULL;109;NULL;MEDIR;Q;STK Britez Borges
7840058002082; AGUA MIN SIN GAS DASANI 500 CC;BEBIDAS;NULL;NULL;110;NULL;MEDIR;Q;STK Britez Borges
7840025011024; CERVEZA POLAR LATA 350ML;BEBIDAS;NULL;NULL;111;NULL;MEDIR;Q;STK Britez Borges
7802575229380; JUGOS E/POLVO SPRIM SABOR MELON SOBRE 25GR;BEBIDAS;NULL;NULL;112;NULL;MEDIR;Q;STK Britez Borges
7840050002783; CERVEZA 340ML RETORNABLE PILSEN BOT;BEBIDAS;NULL;NULL;113;NULL;MEDIR;Q;STK Britez Borges
7790895645860; JUGO LIQ DURAZNO 1LT FRUGOS DEL VALLE PET;BEBIDAS;NULL;NULL;114;NULL;MEDIR;Q;STK Britez Borges
78410848; CERVEZA CHOPP 340ML BRAHMA BOT;BEBIDAS;NULL;NULL;115;NULL;MEDIR;Q;STK Britez Borges
5000267023625; WHISKY JOHNNIE WALKER BLACK LABEL BOT 1LT;BEBIDAS;NULL;NULL;116;NULL;MEDIR;Q;STK Britez Borges
7896045503414; CERVEZA 473 ML KAISER LATA;BEBIDAS;NULL;NULL;117;NULL;MEDIR;Q;STK Britez Borges
7840058003874; AGUA MINERALIZADA C/GAS 2250ML DASANI BOTELLA;BEBIDAS;NULL;NULL;118;NULL;MEDIR;Q;STK Britez Borges
7840188000088;" JUGO ""WATTS"" NARANJA 200ML";BEBIDAS;NULL;NULL;119;NULL;MEDIR;Q;STK Britez Borges
7840779002996; GASEOSA PULP POMELO BOT 1LT PULP;BEBIDAS;NULL;NULL;120;NULL;MEDIR;Q;STK Britez Borges
7840058002105; AGUA MINERAL DASANI C/G 500CC;BEBIDAS;NULL;NULL;121;NULL;MEDIR;Q;STK Britez Borges
7840058003812; AGUA SABORIZADA AQUARIUS DESC NARANJA BOT 1.5LTS;BEBIDAS;NULL;NULL;122;NULL;MEDIR;Q;STK Britez Borges
7840058001061; GASEOSA CITRUS 2LT DESC SCHWEPPES BOT;BEBIDAS;NULL;NULL;123;NULL;MEDIR;Q;STK Britez Borges
7802575229335; JUGOS E/POLVO SPRIM SABOR DURAZNO SOB 25GR;BEBIDAS;NULL;NULL;124;NULL;MEDIR;Q;STK Britez Borges
7840050002752; CERVEZA 354 ML NORTE LATA;BEBIDAS;NULL;NULL;125;NULL;MEDIR;Q;STK Britez Borges
7896050200131;" CACHAZA ""VELHO BARREIRO"" BOT 910ML";BEBIDAS;NULL;NULL;126;NULL;MEDIR;Q;STK Britez Borges
7840050003940; CERVEZA 269ML BAVIERA LATA;BEBIDAS;NULL;NULL;127;NULL;MEDIR;Q;STK Britez Borges
7792798002375; CERVEZA WEISSE 730ML PATAGONIA BOTELLA;BEBIDAS;NULL;NULL;128;NULL;MEDIR;Q;STK Britez Borges
7891991014786; CERVEZA LAGER CADILLAC 550ML BUDWEISER BOT;BEBIDAS;NULL;NULL;129;NULL;MEDIR;Q;STK Britez Borges
7791250000935; VINO MALBEC 750 ML LOS ARBOLES BOT.;BEBIDAS;NULL;NULL;130;NULL;MEDIR;Q;STK Britez Borges
28571933; SIDRA BIANCA SABOR FRESA 710ML BOT;BEBIDAS;NULL;NULL;131;NULL;MEDIR;Q;STK Britez Borges
7840058004000; BEBIDA ISOTONICA POWERADE MULTIFRUTAS 500ML;BEBIDAS;NULL;NULL;132;NULL;MEDIR;Q;STK Britez Borges
7840117004026; JUGOS FRUTIKA NECTAR DURAZNO 200ML;BEBIDAS;NULL;NULL;133;NULL;MEDIR;Q;STK Britez Borges
7840779002989; GASEOSA PULP GUARANA BOT 1 LT PULP;BEBIDAS;NULL;NULL;134;NULL;MEDIR;Q;STK Britez Borges
7804300120276; VINO BLANCO SANTA HELENA BOT 750CC;BEBIDAS;NULL;NULL;135;NULL;MEDIR;Q;STK Britez Borges
7840117002022; JUGOS FRUTIKA MANZANA 200ML;BEBIDAS;NULL;NULL;136;NULL;MEDIR;Q;STK Britez Borges
7840058006646; JUGO LIQUIDO NARANJA 200ML FRUGOS DEL VALLE TETRA;BEBIDAS;NULL;NULL;137;NULL;MEDIR;Q;STK Britez Borges
7840138000595; AGUA MINERALIZADA 5LT TORRENTE 5LT BID;BEBIDAS;NULL;NULL;138;NULL;MEDIR;Q;STK Britez Borges
7840235002898; AGUA SABORIZADA CITRUS 2LT KAMPITO PUCH PET;BEBIDAS;NULL;NULL;139;NULL;MEDIR;Q;STK Britez Borges
7840050002271; CERVEZA BUDWEISER LATA 355ML;BEBIDAS;NULL;NULL;140;NULL;MEDIR;Q;STK Britez Borges
7840185000029; WHISKY SANDY MAC DONALD BOT 1;BEBIDAS;NULL;NULL;141;NULL;MEDIR;Q;STK Britez Borges
7802575229564; JUGO EN POLVO PERA  25GR SPRIM SOB;BEBIDAS;NULL;NULL;142;NULL;MEDIR;Q;STK Britez Borges
7840058006127; GASEOSA POMELO 2LT SCHWRPPES PLA;BEBIDAS;NULL;NULL;143;NULL;MEDIR;Q;STK Britez Borges
7790703168161; VINO TINTO SUAVE 700ML BIANCHI BOT;BEBIDAS;NULL;NULL;144;NULL;MEDIR;Q;STK Britez Borges
7730955950503; JUGO LIQ DURAZNO 1LT FRUTARE TETRA;BEBIDAS;NULL;NULL;145;NULL;MEDIR;Q;STK Britez Borges
7622300861919; JUGO EN POLVO LIMON 25GR TANG SOB;BEBIDAS;NULL;NULL;146;NULL;MEDIR;Q;STK Britez Borges
7802575229311; JUGOS E/POLVO SPRIM SABOR NARANJA 25GR;BEBIDAS;NULL;NULL;147;NULL;MEDIR;Q;STK Britez Borges
7840058004727; GASEOSA ZERO 2LT FANTA BOT DESC;BEBIDAS;NULL;NULL;148;NULL;MEDIR;Q;STK Britez Borges
7622300861308; JUGO EN POLVO FRUTILLA 25GR TANG SOB;BEBIDAS;NULL;NULL;149;NULL;MEDIR;Q;STK Britez Borges
7790895645877; JUGO LIQ DURAZNO 1.5LT FRUGOS DEL VALLE PET;BEBIDAS;NULL;NULL;150;NULL;MEDIR;Q;STK Britez Borges
7840058000484; GASEOSA SPRITE RETORNABLE 2 LT;BEBIDAS;NULL;NULL;151;NULL;MEDIR;Q;STK Britez Borges
7841112000532; BEBIDA ISOTONICA ASAI POWER ULTRA 660ML BES BOT;BEBIDAS;NULL;NULL;152;NULL;MEDIR;Q;STK Britez Borges
7840028203174; GASEOSA POMELO FREE 2LT PASO D/LOS TOROS BOT;BEBIDAS;NULL;NULL;153;NULL;MEDIR;Q;STK Britez Borges
7790895645839; JUGO LIQ NARANJA 1LT FRUGOS DEL VALLE PET;BEBIDAS;NULL;NULL;154;NULL;MEDIR;Q;STK Britez Borges
7840028204973; AGUA SABORIZADA DE LIMON 2 LT H2OH BOT;BEBIDAS;NULL;NULL;155;NULL;MEDIR;Q;STK Britez Borges
7840779002910; JUGO PURO SOL DURAZNO 1LT;BEBIDAS;NULL;NULL;156;NULL;MEDIR;Q;STK Britez Borges
7893218003603; VODKA LIMON 275ML SMIRNOFF ICE BOT;BEBIDAS;NULL;NULL;157;NULL;MEDIR;Q;STK Britez Borges
7840188010230;" JUGO ""WATTS"" LIGHT DURAZNOS 200ML WATTS x 30";BEBIDAS;NULL;NULL;158;NULL;MEDIR;Q;STK Britez Borges
7790895643842; JUGO LIQUIDO SOJA NARANJA 1LT ADES TETRA;BEBIDAS;NULL;NULL;159;NULL;MEDIR;Q;STK Britez Borges
7802575229359; JUGOS E/POLVO SPRIM SABOR FRUTILLA SOBRE 25GR;BEBIDAS;NULL;NULL;160;NULL;MEDIR;Q;STK Britez Borges
7802575229342; JUGOS E/POLVO SPRIM SABOR PIÑA SOBRE 25GR;BEBIDAS;NULL;NULL;161;NULL;MEDIR;Q;STK Britez Borges
7840050002523; CERVEZA 330ML BUDWEISER 66 BOT;BEBIDAS;NULL;NULL;162;NULL;MEDIR;Q;STK Britez Borges
7840027320001; CAÑA TRES LEONES BOT 750 CC TRES LEONES x 12;BEBIDAS;NULL;NULL;163;NULL;MEDIR;Q;STK Britez Borges
7622210812797; JUGO EN POLVO NARANJA DULCE 7.5GR CLIGHT SOB;BEBIDAS;NULL;NULL;164;NULL;MEDIR;Q;STK Britez Borges
7840028205246; GASEOSA COLA SIN AZUCAR 2LT PEPSI BOT;BEBIDAS;NULL;NULL;165;NULL;MEDIR;Q;STK Britez Borges
7841112000044;" AGUA MINERAL ""BES"" NAT S/GAS BOT 2LT";BEBIDAS;NULL;NULL;166;NULL;MEDIR;Q;STK Britez Borges
7840028202245; GASEOSA MIRINDA NARANJA DESCARTABLE BOT 2LT;BEBIDAS;NULL;NULL;167;NULL;MEDIR;Q;STK Britez Borges
7840025110598; CERVEZA 473ML P0LAR LAT;BEBIDAS;NULL;NULL;168;NULL;MEDIR;Q;STK Britez Borges
7898032916009; CERVEZA 350 ML DIOSA LATA;BEBIDAS;NULL;NULL;169;NULL;MEDIR;Q;STK Britez Borges
7791540042706;" VINO ""FRIZZE"" EVOLUTION BLUE BOT 750 ML";BEBIDAS;NULL;NULL;170;NULL;MEDIR;Q;STK Britez Borges
7840117001018; JUGOS FRUTIKA NARANJA 1000ML;BEBIDAS;NULL;NULL;171;NULL;MEDIR;Q;STK Britez Borges
75066468; CERVEZA 210ML CORONITA EXTRA BOTELLITA;BEBIDAS;NULL;NULL;172;NULL;MEDIR;Q;STK Britez Borges
7840138000014; CAÑA ESPECIAL 930ML FORTIN BOT;BEBIDAS;NULL;NULL;173;NULL;MEDIR;Q;STK Britez Borges
7840117001025; JUGOS FRUTIKA NARANJA 200ML;BEBIDAS;NULL;NULL;174;NULL;MEDIR;Q;STK Britez Borges
7840050004497; CERVEZA 269CC PILSEN ÑANDE LATA;BEBIDAS;NULL;NULL;175;NULL;MEDIR;Q;STK Britez Borges
7622210812711; JUGO EN POLVO MANZANA DELICIOSA 7GR CLIGHT SOB;BEBIDAS;NULL;NULL;176;NULL;MEDIR;Q;STK Britez Borges
7893218003610; VODKA LIMON 269ML SMIRNOFF ICE LATA;BEBIDAS;NULL;NULL;177;NULL;MEDIR;Q;STK Britez Borges
7622300861223; JUGO EN POLVO UVA 25GR TANG SOB;BEBIDAS;NULL;NULL;178;NULL;MEDIR;Q;STK Britez Borges
87120103; CERVEZA 250ML HEINEKEN LATA;BEBIDAS;NULL;NULL;179;NULL;MEDIR;Q;STK Britez Borges
7840058006677; JUGO LIQUIDO MANZANA 200ML FRUGOS DEL VALLE TETRA;BEBIDAS;NULL;NULL;180;NULL;MEDIR;Q;STK Britez Borges
7793147118860; CERVEZA LAGER 473ML SCHNEIDER LAT;BEBIDAS;NULL;NULL;181;NULL;MEDIR;Q;STK Britez Borges
7790895643828; JUGO LIQUIDO SOJA DURAZNO 1L ADES TETRA;BEBIDAS;NULL;NULL;182;NULL;MEDIR;Q;STK Britez Borges
7622300861261; JUGO EN POLVO MARACUYA 25GR TANG SOB;BEBIDAS;NULL;NULL;183;NULL;MEDIR;Q;STK Britez Borges
7840050003803; CERVEZA 269 ML BUDWEISER LATA;BEBIDAS;NULL;NULL;184;NULL;MEDIR;Q;STK Britez Borges
7898080662668; ENERGIZANTE DRINK 2LT BALY BOT;BEBIDAS;NULL;NULL;185;NULL;MEDIR;Q;STK Britez Borges
7840027340009; CAÑA TRES LEONES PET 450 CC TRES LEONES x 12;BEBIDAS;NULL;NULL;186;NULL;MEDIR;Q;STK Britez Borges
7840138000571; AGUA MINERALIZADA 1LT S/GAS BOT;BEBIDAS;NULL;NULL;187;NULL;MEDIR;Q;STK Britez Borges
7840058007582; AGUA TONICA 2 LTS SCHWEPPES PET;BEBIDAS;NULL;NULL;188;NULL;MEDIR;Q;STK Britez Borges
7842114000025; CARBON VEGETAL BENITEZ 3KG BSA;COMBUSTIBLE Y ENCENDIDOS;NULL;NULL;189;NULL;MEDIR;Q;STK Britez Borges
7842127000012; CARBON VEGETAL CARBOCHACO 3KG BSA CARBOCHACO x 50;COMBUSTIBLE Y ENCENDIDOS;NULL;NULL;190;NULL;MEDIR;Q;STK Britez Borges
742832988094; CARBON VEGETAL 2KG DEL NORTE PAQ DEL BOSQUE x 50;COMBUSTIBLE Y ENCENDIDOS;NULL;NULL;191;NULL;MEDIR;Q;STK Britez Borges
742832988100; CARBON VEGETAL 5KG DEL NORTE PAQ DEL BOSQUE x 30;COMBUSTIBLE Y ENCENDIDOS;NULL;NULL;192;NULL;MEDIR;Q;STK Britez Borges
7841454000139; CARBON VEGETAL 3KG CARIMBO 77 BSA CARIMBO 77 x 50;COMBUSTIBLE Y ENCENDIDOS;NULL;NULL;193;NULL;MEDIR;Q;STK Britez Borges
7842127000029; CARBON VEGETAL CARBOCHACO 5KG BSA;COMBUSTIBLE Y ENCENDIDOS;NULL;NULL;194;NULL;MEDIR;Q;STK Britez Borges
7842114000032; CARBON VEGETAL BENITEZ 5KG BSA;COMBUSTIBLE Y ENCENDIDOS;NULL;NULL;195;NULL;MEDIR;Q;STK Britez Borges
7841454000122; CARBON VEGETAL 5KG CARIMBO 77 BSA;COMBUSTIBLE Y ENCENDIDOS;NULL;NULL;196;NULL;MEDIR;Q;STK Britez Borges
7896100901162; VELAS FOSCASA VS MEDIDAS BLI 8;COMBUSTIBLE Y ENCENDIDOS;NULL;NULL;197;NULL;MEDIR;Q;STK Britez Borges
7896100900011; FOSFORO QLUZ PAQ 1 UN CHICO;COMBUSTIBLE Y ENCENDIDOS;NULL;NULL;198;NULL;MEDIR;Q;STK Britez Borges
7896007941636; FOSFOROS FIATLUX CJA 1 UN;COMBUSTIBLE Y ENCENDIDOS;NULL;NULL;199;NULL;MEDIR;Q;STK Britez Borges
7891334199033; ROLLO ALUMINIO FREEZER 45 x 75 MTS THEOTO;COTILLON;NULL;NULL;200;NULL;MEDIR;Q;STK Britez Borges
7840888000852; BANDEJAS DE CARTON REDONDA NRO 1 30UN LELYS PLAST;COTILLON;NULL;NULL;201;NULL;MEDIR;Q;STK Britez Borges
7891334140516; PALILLO P/BROCHET  X 100 UNI B;COTILLON;NULL;NULL;202;NULL;MEDIR;Q;STK Britez Borges
41333904481; PILAS ALCALINAS AAA 4UN/2GRATIS DURACELL BLI;FERRETERIA;NULL;NULL;203;NULL;MEDIR;Q;STK Britez Borges
41333900483; PILAS ALCALINAS AA 4UN/2 GRATIS DURACELL BLI;FERRETERIA;NULL;NULL;204;NULL;MEDIR;Q;STK Britez Borges
12800478569; PILA RAYOVAC ALCALINA AAA BLI 6UN;FERRETERIA;NULL;NULL;205;NULL;MEDIR;Q;STK Britez Borges
1800011274983; ALMOHADA BLANCA 40X60CM J.M.C J.M.C x 25;HOGAR;NULL;NULL;206;NULL;MEDIR;Q;STK Britez Borges
7891228376991; TOALLA P/BAÑO COL VRIOS NUANCE OPORTUNITY 60X120CM TEKA;HOGAR;NULL;NULL;207;NULL;MEDIR;Q;STK Britez Borges
4712865300138; VENTILADOR D/PIE DAYO 18 S/E REF FN1802;LINEA BLANCA;NULL;NULL;208;NULL;MEDIR;Q;STK Britez Borges
4713008296653; VENTILADOR D/ MESA DAYO 20 S/E REF KYT/50A;LINEA BLANCA;NULL;NULL;209;NULL;MEDIR;Q;STK Britez Borges
4712865306314; ESTUFA QUARTZ HEATER DAYO S/E REF NSB80B DAYO x 10;LINEA BLANCA;NULL;NULL;210;NULL;MEDIR;Q;STK Britez Borges
4718201652718; PLATO PLAYO D/CERAMICA 26 CM BLANCO DAYO REF 023FP105W;MENAGE/ HOGAR;NULL;NULL;211;NULL;MEDIR;Q;STK Britez Borges
7896359030408; POTES PROMO COLORS SANREMO 1056UN;MENAGE/ HOGAR;NULL;NULL;212;NULL;MEDIR;Q;STK Britez Borges
4718201652565; JARRA D/VIDRIO 1400ML DAYO REF 019 J 6;MENAGE/ HOGAR;NULL;NULL;213;NULL;MEDIR;Q;STK Britez Borges
7840010035622; ESPONJA PULOIL MULTIUSO X 1 UN;MENAGE/ HOGAR;NULL;NULL;214;NULL;MEDIR;Q;STK Britez Borges
7896359026548; POTES VARIOS PROMOCION I;MENAGE/ HOGAR;NULL;NULL;215;NULL;MEDIR;Q;STK Britez Borges
7896001016712; ESCOBA NOVICA BETTANIN REF 1672;MENAGE/ HOGAR;NULL;NULL;216;NULL;MEDIR;Q;STK Britez Borges
4712865318010; JARRA D/VIDRIO 12LTS DAYO REF J3;MENAGE/ HOGAR;NULL;NULL;217;NULL;MEDIR;Q;STK Britez Borges
7896001001299; SECADOR P/PISO S/E 1 UN;MENAGE/ HOGAR;NULL;NULL;218;NULL;MEDIR;Q;STK Britez Borges
4718201653111; SET D/VASOS D/VIDRIO 310ML 6PZAS LIFE Y LIVING REF PBF211 LIFE Y LIVING x 12;MENAGE/ HOGAR;NULL;NULL;219;NULL;MEDIR;Q;STK Britez Borges
28396031; SILLA ENVAPAR BLANCA;MUEBLES;NULL;NULL;220;NULL;MEDIR;Q;STK Britez Borges
4718201652619; HERVIDORA ELE 1.7 LTS DAYO REF EK 919;PEQUEÑOS ELECTRODOMÉSTICOS;NULL;NULL;221;NULL;MEDIR;Q;STK Britez Borges
4713008289785; HERVIDORA D/ACERO 1.8LTS DAYO REF HE18 DAYO x 20;PEQUEÑOS ELECTRODOMÉSTICOS;NULL;NULL;222;NULL;MEDIR;Q;STK Britez Borges
4712865302194; LICUADORA 4 VEL C/PERILLA DAYO REF YTY46;PEQUEÑOS ELECTRODOMÉSTICOS;NULL;NULL;223;NULL;MEDIR;Q;STK Britez Borges
4712865302200; LICUADORA 2 VEL C/PERILLA DAYO REF YT1841C;PEQUEÑOS ELECTRODOMÉSTICOS;NULL;NULL;224;NULL;MEDIR;Q;STK Britez Borges
4718201652671; LICUADORA 4 VEL C/PULSADOR DAYO REF BL999;PEQUEÑOS ELECTRODOMÉSTICOS;NULL;NULL;225;NULL;MEDIR;Q;STK Britez Borges
4713008292532; HORNO ELECTRICO 45 LTS DAYO REF E045 DAYO x 1;PEQUEÑOS ELECTRODOMÉSTICOS;NULL;NULL;226;NULL;MEDIR;Q;STK Britez Borges
4712865312148; PLACA A INDUCCION C/OLLA DAYO REF PIA2A;PEQUEÑOS ELECTRODOMÉSTICOS;NULL;NULL;227;NULL;MEDIR;Q;STK Britez Borges
4713008292525; HORNO ELECTRICO 28 LTS DAYO REF DN28E DAYO x 1;PEQUEÑOS ELECTRODOMÉSTICOS;NULL;NULL;228;NULL;MEDIR;Q;STK Britez Borges
4718201656358; PLACA D/COCINA 1HORNALLA DAYO REF HP3106;PEQUEÑOS ELECTRODOMÉSTICOS;NULL;NULL;229;NULL;MEDIR;Q;STK Britez Borges
4713008289822; PLANCHA SECA DAYO CELESTE 1200W REFCL/2488A.;PEQUEÑOS ELECTRODOMÉSTICOS;NULL;NULL;230;NULL;MEDIR;Q;STK Britez Borges
4713008300350; PLANCHITA P/PELO DAYO;PEQUEÑOS ELECTRODOMÉSTICOS;NULL;NULL;231;NULL;MEDIR;Q;STK Britez Borges
4713008297087; SANDWICHERA ELECTRICA 2PNS NEG DAYO REF SM8804 DAYO x 8;PEQUEÑOS ELECTRODOMÉSTICOS;NULL;NULL;232;NULL;MEDIR;Q;STK Britez Borges
78409637; CIGARRILLOS KENT BLUE HD MIRROR 20S;TABAQUERIA;NULL;NULL;233;NULL;MEDIR;Q;STK Britez Borges
78410190; CIGARRILLO CLICK/ROLL 20UN LUCKY STRIKE CJA;TABAQUERIA;NULL;NULL;234;NULL;MEDIR;Q;STK Britez Borges
78409989; CIGARRILLO KENT CONVERTIBLE 20S;TABAQUERIA;NULL;NULL;235;NULL;MEDIR;Q;STK Britez Borges
78412033; CIGARRILLO LUCKY 11ST STRIKE CJA;TABAQUERIA;NULL;NULL;236;NULL;MEDIR;Q;STK Britez Borges
152570; ALIMENTO P/ PERRO PRONTO DOG  ADULTO A GRANEL;VETERINARIA;NULL;NULL;237;NULL;MEDIR;Q;STK Britez Borges
459440; ALIMENTO P/ PERRO PRONTO DOG CACHORROS CRECIMIENTO A GRANEL;VETERINARIA;NULL;NULL;238;NULL;MEDIR;Q;STK Britez Borges
338882; ALIMENTO P/GATOS PRONTO CAT GRANEL X KG;VETERINARIA;NULL;NULL;239;NULL;MEDIR;Q;STK Britez Borges
459433; ALIMENTO P/ PERRO PRONTO DOG CACHORROS A GRANEL;VETERINARIA;NULL;NULL;240;NULL;MEDIR;Q;STK Britez Borges
7840023001003; ALIMENTO P/PERRO PRONTO DOG ADULTOS CARNE/POLLO/CEREALES 7 KG;VETERINARIA;NULL;NULL;241;NULL;MEDIR;Q;STK Britez Borges
7797453001502; ALIMENTO P/ PERRO CACHORRO 1.5KG PEDIGREE PAQ;VETERINARIA;NULL;NULL;242;NULL;MEDIR;Q;STK Britez Borges
7840023000907; ALIMENTO P/PERRO PRONTO DOG CACHORROS 1.5KG PRONTO DOG x 16;VETERINARIA;NULL;NULL;243;NULL;MEDIR;Q;STK Britez Borges
7797453000468;" ALIM P/PERRO ""PEDIGREE"" CACHORRO SCH 85G";VETERINARIA;NULL;NULL;244;NULL;MEDIR;Q;STK Britez Borges
7797453001519; ALIMENTO P/ PERRO CACHORRO SANO CRECIMIENTO 3KG PEDIGREE PAQ;VETERINARIA;NULL;NULL;245;NULL;MEDIR;Q;STK Britez Borges
7613034874979; ALIMENTO P/ GATO CAT CHOW DELICIAS DE CARNE ADULTO 3KG.;VETERINARIA;NULL;NULL;246;NULL;MEDIR;Q;STK Britez Borges
7840023000990; ALIMENTO P/PERRO PRONTO DOG ADULTOS CARNE/POLLO/CEREALES 2.7KG PRONTO DOG x 9;VETERINARIA;NULL;NULL;247;NULL;MEDIR;Q;STK Britez Borges
119283; MAIZ TUPI  CAMPO ALTO EN GRANO A GRANEL;VETERINARIA;NULL;NULL;248;NULL;MEDIR;Q;STK Britez Borges
7840023000914; ALIMENTO P/PERRO PRONTO DOG CACHORROS 2.7 KG PRONTO DOG x 9;VETERINARIA;NULL;NULL;249;NULL;MEDIR;Q;STK Britez Borges
7613034435408; ALIMENTO P/PERRO DOG CHOW CACHORROS RAZAS MEDIANAS YGRANDES 1.5 KG BSA BSA;VETERINARIA;NULL;NULL;250;NULL;MEDIR;Q;STK Britez Borges
7840023000952; ALIMENTO P/PERRO PRONTO DOG CACHORROS CRECIMIENTO 2.7 KG PRONTO DOG x 9;VETERINARIA;NULL;NULL;251;NULL;MEDIR;Q;STK Britez Borges
7613034517227; ALIMENTO P/ PERRO DOG CHOW ADULTO 9KG.;VETERINARIA;NULL;NULL;252;NULL;MEDIR;Q;STK Britez Borges
7797453000796; ALIMENTO P/PERRO PEDIGREE SACHET ADULTO CARNE 100G;VETERINARIA;NULL;NULL;253;NULL;MEDIR;Q;STK Britez Borges
7613034416889; ALIMENTO P/PERRO RAZAS PEQ ADULTO 1.5 KG DOG CHOW BSA DOG CHOW x 9;VETERINARIA;NULL;NULL;254;NULL;MEDIR;Q;STK Britez Borges
7797453001564; ALIMENTO P/ PERRO ADULTO RAZAS PEQUEÑAS 1.5KG PEDIGREE PAQ;VETERINARIA;NULL;NULL;255;NULL;MEDIR;Q;STK Britez Borges
7613034418937; ALIMENTO P/PERRO DOG CHOW CACHORROS RAZAS MEDIANAS Y GRANDES 3KG BSA;VETERINARIA;NULL;NULL;256;NULL;MEDIR;Q;STK Britez Borges
7613034419248; ALIMENTO P/PERRO DOG CHOW CACHORROS RAZAS PEQUEÑAS 1.5 KG BSA;VETERINARIA;NULL;NULL;257;NULL;MEDIR;Q;STK Britez Borges
7797453000475; ALIM P/PERRO PEDIGREE RAZAS PEQ. ADULTO SCH 100GR;VETERINARIA;NULL;NULL;258;NULL;MEDIR;Q;STK Britez Borges
7613034416902; ALIMENTO P/PERRO ADULTO RAZAS M/G 3KG DOG CHOW BSA;VETERINARIA;NULL;NULL;259;NULL;MEDIR;Q;STK Britez Borges
7797453971003;" ALIM P/GATO ""WHISKAS"" ATUN/SARDI 1 KG";VETERINARIA;NULL;NULL;260;NULL;MEDIR;Q;STK Britez Borges
7840023000983; ALIMENTO P/PERRO PRONTO DOG ADULTOS CARNE/POLLO/CEREALES 1.5KG PRONTO DOG x 16;VETERINARIA;NULL;NULL;261;NULL;MEDIR;Q;STK Britez Borges
7840023000945; ALIMENTO P/PERRO PRONTO DOG CACHORROS CRECIMIENTO 1.5 KG PRONTO DOG x 16;VETERINARIA;NULL;NULL;262;NULL;MEDIR;Q;STK Britez Borges
119276; MAIZ TUPI MOLIDO CAMPO ALTO GRANEL;VETERINARIA;NULL;NULL;263;NULL;MEDIR;Q;STK Britez Borges
7613034416926; ALIMENTO P/PERRO ADULTO RAZAS M/G 1.5KG DOG CHOW BSA;VETERINARIA;NULL;NULL;264;NULL;MEDIR;Q;STK Britez Borges
7797453970990;" ALIM P/GATO ""WHISKAS"" ATUN/SARD BOL 500G";VETERINARIA;NULL;NULL;265;NULL;MEDIR;Q;STK Britez Borges
7840023001027; ALIMENTO P/GATO PRONTO CAT PESCADO/ POLLO /CARNE 1KG PRONTO CAT x 24;VETERINARIA;NULL;NULL;266;NULL;MEDIR;Q;STK Britez Borges
7613034873408; ALIMENTO P/GATO DELICIAS D/CARNE 1KG CAT CHOW BSA;VETERINARIA;NULL;NULL;267;NULL;MEDIR;Q;STK Britez Borges
7840077000502; ALIMENTO P/ AVES IDEAL GIRASOL 400GR.;VETERINARIA;NULL;NULL;268;NULL;MEDIR;Q;STK Britez Borges
7841064000949; ALIMENTO P/CONEJO 1KG FOODY PLAS;VETERINARIA;NULL;NULL;269;NULL;MEDIR;Q;STK Britez Borges
7613034416865; ALIMENTO P/PERRO RAZAS PEQUEÑAS ADULTO 3 KG DOG CHOW BSA;VETERINARIA;NULL;NULL;270;NULL;MEDIR;Q;STK Britez Borges
7891038106504;" SUAVIZANTE ""COMFORT"" AZUL CLASSIC 2LT";LIMPIEZA;NULL;NULL;271;NULL;MEDIR;Q;STK Britez Borges
7840173030014;" PAPEL HIGIENICO ""CACIA"" PERF SH 4UN";LIMPIEZA;NULL;NULL;272;NULL;MEDIR;Q;STK Britez Borges
7891150064317; DETERGENTE EN POLVO LAVADO PERFECTO OMO CAJA 800GR;LIMPIEZA;NULL;NULL;273;NULL;MEDIR;Q;STK Britez Borges
7840118217302; JABON E/POLVO PERFUMADO INSUPERABLE 1KG BSA;LIMPIEZA;NULL;NULL;274;NULL;MEDIR;Q;STK Britez Borges
7840003023087; JABON LIQUIDO LIBERACION PERFUME 950ML KINDER BOTELLA;LIMPIEZA;NULL;NULL;275;NULL;MEDIR;Q;STK Britez Borges
7840001002008; DETERGENTE ZITRON EP 950 ML. LAVAVAJILLAS;LIMPIEZA;NULL;NULL;276;NULL;MEDIR;Q;STK Britez Borges
510417; DETERGENTE E/POLVO MOROTI GRANEL BLANCO;LIMPIEZA;NULL;NULL;277;NULL;MEDIR;Q;STK Britez Borges
7791290011618; JABON LIQUIDO MULTIACCION BAJA ESPUMA 3LT OMO DOYPACK;LIMPIEZA;NULL;NULL;278;NULL;MEDIR;Q;STK Britez Borges
7891150016750; JABON EN POLVO 1KG ALTA ESPUMA BRILLANTE BOL;LIMPIEZA;NULL;NULL;279;NULL;MEDIR;Q;STK Britez Borges
7791290010444; SUAVIZANTE CLASSIC 900ML COMFORT DOYPACK;LIMPIEZA;NULL;NULL;280;NULL;MEDIR;Q;STK Britez Borges
163095; JABON EN POLVO GRANEL CELESTE;LIMPIEZA;NULL;NULL;281;NULL;MEDIR;Q;STK Britez Borges
7841454000368; PAPEL HIGIENICO 30 MTS HOJA SIMPLE STOCK PAQ;LIMPIEZA;NULL;NULL;282;NULL;MEDIR;Q;STK Britez Borges
7840033008481; SUAVIZANTE P/ROPAS FLORES BLANCAS 1.5LT POMPITA FCO;LIMPIEZA;NULL;NULL;283;NULL;MEDIR;Q;STK Britez Borges
7779970670119; JABON E/POLVO MULTIACCION ALTA ESPUMA 200GR OMO BSA;LIMPIEZA;NULL;NULL;284;NULL;MEDIR;Q;STK Britez Borges
7840118217272; JABON EN POLVO ALTA ESPUMA INSUPERABLE 3KG PAQ;LIMPIEZA;NULL;NULL;285;NULL;MEDIR;Q;STK Britez Borges
7840154100415;" BOLSA ""BASE BASE"" SUP.ALTA RESIST.150 L P/RES.X10";LIMPIEZA;NULL;NULL;286;NULL;MEDIR;Q;STK Britez Borges
445696; JABON LIQ MOROTI GRANEL;LIMPIEZA;NULL;NULL;287;NULL;MEDIR;Q;STK Britez Borges
7840033008610; SUAVIZANTE PARA ROPA POMPITA FANTASY 1.5LT;LIMPIEZA;NULL;NULL;288;NULL;MEDIR;Q;STK Britez Borges
7840003020727;" INSECTICIDA ""MAPEX"" MATATODO AER 330ML";LIMPIEZA;NULL;NULL;289;NULL;MEDIR;Q;STK Britez Borges
7798038152947; PAPEL HIGIENICO DOBLE HOJA PLUS MEGA 4UN 50MTS SCOTT PAQ;LIMPIEZA;NULL;NULL;290;NULL;MEDIR;Q;STK Britez Borges
7840154104277; BOLSA P/RESIDUOS RESISTENTES 200LT BASE BASE BSA;LIMPIEZA;NULL;NULL;291;NULL;MEDIR;Q;STK Britez Borges
7840118219443; JABON EN POLVO CITRUS 3KG INSUPERABLE BSA;LIMPIEZA;NULL;NULL;292;NULL;MEDIR;Q;STK Britez Borges
7840833000180;" DETERGENTE ""ACTIVO 100"" LIMON 750ML";LIMPIEZA;NULL;NULL;293;NULL;MEDIR;Q;STK Britez Borges
7840118219429; JABON EN POLVO CITRUS 1KG INSUPERABLE BSA;LIMPIEZA;NULL;NULL;294;NULL;MEDIR;Q;STK Britez Borges
7896110004679;" PAPEL HIG ""PERSONAL"" VIP DOBLE HOJ 8UN PERSONAL";LIMPIEZA;NULL;NULL;295;NULL;MEDIR;Q;STK Britez Borges
7840033008498; SUAVIZANTE P/ROPA FLORES DEL CAMPO 1.5LT POMPITA FCO;LIMPIEZA;NULL;NULL;296;NULL;MEDIR;Q;STK Britez Borges
447096; SUAVIZANTE P/ROPAS GRANEL XKG ADA BID;LIMPIEZA;NULL;NULL;297;NULL;MEDIR;Q;STK Britez Borges
7840049005375; PAPEL HIGIENICO NEUTRO 30 M. HIGIENOL TEXTURADO PAQ 4 UN;LIMPIEZA;NULL;NULL;298;NULL;MEDIR;Q;STK Britez Borges
7791290011595; OMO MATIC MULTIACCION REMUEVE MANCHAS DIFICILES LIQUIDO BOTELLA X3L;LIMPIEZA;NULL;NULL;299;NULL;MEDIR;Q;STK Britez Borges
7896110000176; PAPEL HIG PERSONAL NEUTRO DH 4UN;LIMPIEZA;NULL;NULL;300;NULL;MEDIR;Q;STK Britez Borges
7790250010845; PAPEL HIGIENICO DOBLE HOJA 4X50MT ELITE PAQ;LIMPIEZA;NULL;NULL;301;NULL;MEDIR;Q;STK Britez Borges
7840003022868; JABON EN POLVO LIBERACION DE PERFUME 1KG KINDER BSA;LIMPIEZA;NULL;NULL;302;NULL;MEDIR;Q;STK Britez Borges
7896104998557;" PAPEL HIGIENICO ""MILI"" BLANCO SH 4UN";LIMPIEZA;NULL;NULL;303;NULL;MEDIR;Q;STK Britez Borges
28570714; PAPEL HIGIENICO NEUTRO TEXTURA SUAVE HOJA SIMPLE DAYO PAQ 4X30MTS;LIMPIEZA;NULL;NULL;304;NULL;MEDIR;Q;STK Britez Borges
7891150064522; DETERGENTE EN POLVO LAVADO PERFECTO OMO 400GR;LIMPIEZA;NULL;NULL;305;NULL;MEDIR;Q;STK Britez Borges
7840049005368; PAPEL HIG. BLANCO 60M. HIGIENOL SIN FIN PAQ 4UN;LIMPIEZA;NULL;NULL;306;NULL;MEDIR;Q;STK Britez Borges
7840585000414;" LAVANDINA ""LAVA 1000"" 1LT";LIMPIEZA;NULL;NULL;307;NULL;MEDIR;Q;STK Britez Borges
7791290011519; JABON LIQUIDO MULTIACCION MATIC 800ML OMO DOYPACK;LIMPIEZA;NULL;NULL;308;NULL;MEDIR;Q;STK Britez Borges
7798038152909; PAPEL HIGIENICO HOJA SIMPLE 4X30 MT SCOTT PAQ;LIMPIEZA;NULL;NULL;309;NULL;MEDIR;Q;STK Britez Borges
7791290006843; SUAVIZANTE ORIGINAL CONFORT 1LT DOYPACK;LIMPIEZA;NULL;NULL;310;NULL;MEDIR;Q;STK Britez Borges
7840118217579; SUAVIZANTE PREMIUM CLASICO 2L CAVALLARO DOYPACK;LIMPIEZA;NULL;NULL;311;NULL;MEDIR;Q;STK Britez Borges
7840154100248;" BOLSA ""BASE BASE"" SUP.ALTA RESIST.100 L.P/RES.X10";LIMPIEZA;NULL;NULL;312;NULL;MEDIR;Q;STK Britez Borges
7798038152763; ROLLO D/COCINA DOBLE HOJA 3UN.MAGIC PAQ;LIMPIEZA;NULL;NULL;313;NULL;MEDIR;Q;STK Britez Borges
7891150066571; JABON E/POLVO BRILLANTE LIMPIEZA TOTAL 800GR BSA;LIMPIEZA;NULL;NULL;314;NULL;MEDIR;Q;STK Britez Borges
7891150020672; JABON LIQUIDO BRILLO ACTIVO 3LT BRILLANTE BOT;LIMPIEZA;NULL;NULL;315;NULL;MEDIR;Q;STK Britez Borges
7790250010807;" PAPEL HIGIENICO ""ELITE"" ULTRA DH 4UN";LIMPIEZA;NULL;NULL;316;NULL;MEDIR;Q;STK Britez Borges
7840154102105;" BOLSA ""BASE BASE"" EST.RESIST.200 L P/RES.X10UN";LIMPIEZA;NULL;NULL;317;NULL;MEDIR;Q;STK Britez Borges
7896110003900;" PAPEL HIGIENICO ""PERSONAL"" ROSAS DH 4UN";LIMPIEZA;NULL;NULL;318;NULL;MEDIR;Q;STK Britez Borges
7840118217517; SUAVIZANTE CLASICO 450ML CAVALLARO DOYPACK;LIMPIEZA;NULL;NULL;319;NULL;MEDIR;Q;STK Britez Borges
7809604014986; PAPEL HIGUIENICO PUREZA D/ALGODON DOBLE HOJA 4UNDX30MT SCOTT PAQ;LIMPIEZA;NULL;NULL;320;NULL;MEDIR;Q;STK Britez Borges
7730219011285; PAPEL HIGIENICO DOBLE HOJA PAGUE 7 LLEVA 8 ELITE;LIMPIEZA;NULL;NULL;321;NULL;MEDIR;Q;STK Britez Borges
7840033008450; JABON LIQUIDO TRIPLE ACCION 1.5LT PACHOLI FRAS;LIMPIEZA;NULL;NULL;322;NULL;MEDIR;Q;STK Britez Borges
7896104998540;" PAPEL HIGIENICO ""MILI"" PERFUMADO SH";LIMPIEZA;NULL;NULL;323;NULL;MEDIR;Q;STK Britez Borges
7730219011773; PAPEL HIGIENICO ULTRA DOBLE HOJA ELITE X4 30MT;LIMPIEZA;NULL;NULL;324;NULL;MEDIR;Q;STK Britez Borges
7840229000596; PAPEL HIGIENICO BAMBINO NEUTRO PAQ 4UN;LIMPIEZA;NULL;NULL;325;NULL;MEDIR;Q;STK Britez Borges
7840229001043; PAPEL HIG NATURAL BEST PAQ 4UN;LIMPIEZA;NULL;NULL;326;NULL;MEDIR;Q;STK Britez Borges
7840001001964; DETERGENTE ZITRON LAVA VAJILLAS 480ML;LIMPIEZA;NULL;NULL;327;NULL;MEDIR;Q;STK Britez Borges
7840003023070; SUAVIZANTE PARA ROPA LIBERACION DE PERFUME 950ML KINDER BOTELLA;LIMPIEZA;NULL;NULL;328;NULL;MEDIR;Q;STK Britez Borges
7840033007033; JABON LIQUIDO BEBE 1LT PACHOLI FRA;LIMPIEZA;NULL;NULL;329;NULL;MEDIR;Q;STK Britez Borges
7840118010095;" JABON EN PAN ""CAVALLARO"" COCO 200GR";LIMPIEZA;NULL;NULL;330;NULL;MEDIR;Q;STK Britez Borges
7840154102051;" PASTILLA ""BASE BASE"" P/INODORO LAVANDA";LIMPIEZA;NULL;NULL;331;NULL;MEDIR;Q;STK Britez Borges
7891150064959; JABON LIQ BRILLO ACTIVO BRILHLANTE 1LT PET;LIMPIEZA;NULL;NULL;332;NULL;MEDIR;Q;STK Britez Borges
7791290010840; DETERGENTE E/POLVO MATIC ROSAS/LILAS 800GR DRIVE BSA;LIMPIEZA;NULL;NULL;333;NULL;MEDIR;Q;STK Britez Borges
455220; LIMPIADOR DESINFECTANTE  LIQUIDO P/PISO XLT MAFRESH GRANEL;LIMPIEZA;NULL;NULL;334;NULL;MEDIR;Q;STK Britez Borges
7840154104284; BOLSA P/RESIDUOS RESISTENTES 150LT BASE BASE BSA;LIMPIEZA;NULL;NULL;335;NULL;MEDIR;Q;STK Britez Borges
7840154102495;" BOLSA ""BASE BASE"" ESTAND. 150 LT P/RESIDUOS X 10U";LIMPIEZA;NULL;NULL;336;NULL;MEDIR;Q;STK Britez Borges
7840118217562; SUAVIZANTE INTENSO 900ML CAVALLARO DOYPACK;LIMPIEZA;NULL;NULL;337;NULL;MEDIR;Q;STK Britez Borges
7840585000551;" LAVANDINA ""LAVA 1000"" 2LT";LIMPIEZA;NULL;NULL;338;NULL;MEDIR;Q;STK Britez Borges
7840003022240; INSECTICIDA MATA TODO 300ML MATRA AER;LIMPIEZA;NULL;NULL;339;NULL;MEDIR;Q;STK Britez Borges
7840001001384;" INSECTICIDA ""MATIRIS"" MATATODO 400ML";LIMPIEZA;NULL;NULL;340;NULL;MEDIR;Q;STK Britez Borges
7840003023001; JABON E/POLVO KINDER LIBERACION DE PERFUME 3K BSA;LIMPIEZA;NULL;NULL;341;NULL;MEDIR;Q;STK Britez Borges
7790520013194; LIMPIADOR ADHESIVO 4EN1 LAVANDA 24.6GR GLADE MR MUSCULO;LIMPIEZA;NULL;NULL;342;NULL;MEDIR;Q;STK Britez Borges
7790520155702; RAID TABLETAS 12 UN .;LIMPIEZA;NULL;NULL;343;NULL;MEDIR;Q;STK Britez Borges
7840003022394; LIMPIADOR LIQ P/PISO MAFRESH LAV. TROPICAL BOT 900ML;LIMPIEZA;NULL;NULL;344;NULL;MEDIR;Q;STK Britez Borges
7896026838542; PAPEL HIG PALOMA CAMOMILA 30MT X 4UN;LIMPIEZA;NULL;NULL;345;NULL;MEDIR;Q;STK Britez Borges
7896026800068; PAPEL HIG PALOMA SUPER NEUTRO 60MT X4UN;LIMPIEZA;NULL;NULL;346;NULL;MEDIR;Q;STK Britez Borges
7896104995280; PAPEL HIGIENICO NEUTRO DOBLE HOJA 4UND MILI PAQ;LIMPIEZA;NULL;NULL;347;NULL;MEDIR;Q;STK Britez Borges
7841454000177; BOLSA P/RESIDUO STOCK RESISTENTE 150LT;LIMPIEZA;NULL;NULL;348;NULL;MEDIR;Q;STK Britez Borges
7840118219399; JABON EN POLVO CLASICO 400GR INSUPERABLE BSA;LIMPIEZA;NULL;NULL;349;NULL;MEDIR;Q;STK Britez Borges
7896026850155;" PAPEL HIGIENICO ""DUETTO"" DOB.HJ PERF.X 4";LIMPIEZA;NULL;NULL;350;NULL;MEDIR;Q;STK Britez Borges
7798038152930; PAPEL HIGIENICO DOBLE HOJA PLUS 4UN 30MTS SCOTT PAQ;LIMPIEZA;NULL;NULL;351;NULL;MEDIR;Q;STK Britez Borges
7791290786622; JABON E/POLVO BAJA ESPUMA PIEL SENSIBLE 2.7KG OMO MATIC BSA;LIMPIEZA;NULL;NULL;352;NULL;MEDIR;Q;STK Britez Borges
7840118216374; DESODORANTE P/PISO FANTASIA 900ML CAVALLARO BOT;LIMPIEZA;NULL;NULL;353;NULL;MEDIR;Q;STK Britez Borges
7840229000602; PAPEL HIGIENICO BAMBINO PLUS PERF PAQ 4UN;LIMPIEZA;NULL;NULL;354;NULL;MEDIR;Q;STK Britez Borges
7840118217548; SUAVIZANTE CLASICO 900ML CAVALLARO DOYPACK;LIMPIEZA;NULL;NULL;355;NULL;MEDIR;Q;STK Britez Borges
7790250019510; PAPEL HIGIENICO PREMUIM 4UND HIGIENOL PAQ;LIMPIEZA;NULL;NULL;356;NULL;MEDIR;Q;STK Britez Borges
7841454000184; BOLSA P/RESIDUO STOCK RESISTENTE 100LT;LIMPIEZA;NULL;NULL;357;NULL;MEDIR;Q;STK Britez Borges
7840118218668; SUAVIZANTE ORIENTAL 450ML CAVALLARO DOYP;LIMPIEZA;NULL;NULL;358;NULL;MEDIR;Q;STK Britez Borges
7840118212109;" JABON EN PAN ""CAVALLARO"" COCO 100GR";LIMPIEZA;NULL;NULL;359;NULL;MEDIR;Q;STK Britez Borges
7841454000160; BOLSA P/RESIDUO STOCK RESISTENTE 200LT;LIMPIEZA;NULL;NULL;360;NULL;MEDIR;Q;STK Britez Borges
7840833000173;" DETERGENTE ""ACTIVO 100"" LIMON 500ML";LIMPIEZA;NULL;NULL;361;NULL;MEDIR;Q;STK Britez Borges
7840118218651; SUAVIZANTE FLORAL 450ML CAVALLARO DOYP;LIMPIEZA;NULL;NULL;362;NULL;MEDIR;Q;STK Britez Borges
7790520508607; INSECTICIDA S/OLOR MATA MOSCA/MOSQUITO Y ZANCUDOS 360CM RAID AEROSOL;LIMPIEZA;NULL;NULL;363;NULL;MEDIR;Q;STK Britez Borges
7791290010079; JABON LIQUIDO PERFECT RESULTS 3L SKIP DOYPACK;LIMPIEZA;NULL;NULL;364;NULL;MEDIR;Q;STK Britez Borges
7840001003265;" PASTILLA P/INOD ""PINO LECHE"" LAVANDA 40G";LIMPIEZA;NULL;NULL;365;NULL;MEDIR;Q;STK Britez Borges
7798038152961; PAPEL HIG.DOBLE HOJA PLUS 50MTS 8UNI SCOTT PAQ.;LIMPIEZA;NULL;NULL;366;NULL;MEDIR;Q;STK Britez Borges
7841454000191; BOLSA P/RESIDUO STOCK ECONOMICA 200LT;LIMPIEZA;NULL;NULL;367;NULL;MEDIR;Q;STK Britez Borges
7840033003592;" JABON LIQ ""PACHOLI"" TRIP ACCI 1L";LIMPIEZA;NULL;NULL;368;NULL;MEDIR;Q;STK Britez Borges
7791290013230; DETERGENTE E/POLVO MATIC ROSAS Y LILAS 5KG DRIVE BSA;LIMPIEZA;NULL;NULL;369;NULL;MEDIR;Q;STK Britez Borges
7896026838245; PAPEL HIG PALOMA NEUTRO 30 MT X 4UN;LIMPIEZA;NULL;NULL;370;NULL;MEDIR;Q;STK Britez Borges
23400998081; DESODORANTE DE AMB ORCHID PETALS 212GR CONO RENUZIT PLAS;LIMPIEZA;NULL;NULL;371;NULL;MEDIR;Q;STK Britez Borges
7840118217531; SUAVIZANTE INTESO  CAVALLARO 450ML DOYPACK;LIMPIEZA;NULL;NULL;372;NULL;MEDIR;Q;STK Britez Borges
7840033008603; JABON LIQUIDO CONCENTRADO PACHOLI 1.5LT BOT;LIMPIEZA;NULL;NULL;373;NULL;MEDIR;Q;STK Britez Borges
7840118217593; SUAVIZANTE PREMIUM INTENSO 2L CAVALLARO DOYPACK;LIMPIEZA;NULL;NULL;374;NULL;MEDIR;Q;STK Britez Borges
7840049005382; PAPEL HIGIENICO PERFUMADO 30 M. HIGIENOL TEXTURADO PAQ 4 UN;LIMPIEZA;NULL;NULL;375;NULL;MEDIR;Q;STK Britez Borges
7501199417752; JABON EN POLVO BRISA DE FRESCURA 3KG PERSIL BSA;LIMPIEZA;NULL;NULL;376;NULL;MEDIR;Q;STK Britez Borges
7840154100118;" BOLSA ""BASE BASE"" MEDIANA P/ BAÑO X 10 UN";LIMPIEZA;NULL;NULL;377;NULL;MEDIR;Q;STK Britez Borges
7840003022417; LIMPIADOR LIQ P/PISO MAFRESH NECTAR FLORAL BOT 900ML;LIMPIEZA;NULL;NULL;378;NULL;MEDIR;Q;STK Britez Borges
7840585002029; DETERGENTE CONCENTRADO MANZANA 1LT LAVA 1000 PLUS PET;LIMPIEZA;NULL;NULL;379;NULL;MEDIR;Q;STK Britez Borges
7840003022851; JABON EN POLVO LIBERACION PERFUME 500GR KINDER BOLSA;LIMPIEZA;NULL;NULL;380;NULL;MEDIR;Q;STK Britez Borges
7841454000207; BOLSA P/RESIDUO STOCK ECONOMICA 150LT;LIMPIEZA;NULL;NULL;381;NULL;MEDIR;Q;STK Britez Borges
7776501004597; PAPEL HIGIENICO HOJA SIMPLE 30X1UN SCOTT PAQ;LIMPIEZA;NULL;NULL;382;NULL;MEDIR;Q;STK Britez Borges
7841454000214; BOLSA P/RESIDUO STOCK ECONOMICA 100LT;LIMPIEZA;NULL;NULL;383;NULL;MEDIR;Q;STK Britez Borges
7840585002036; DETERGENTE CONCENTRADO LIMON 1LT LAVA 1000 PLUS PET;LIMPIEZA;NULL;NULL;384;NULL;MEDIR;Q;STK Britez Borges
7840585002043; DETERGENTE CONCENTRADO NEUTRO 1LT LAVA 1000 PLUS PET;LIMPIEZA;NULL;NULL;385;NULL;MEDIR;Q;STK Britez Borges
7840229001159; PAPEL HIGIENICO HOJA SIMPLE 4UN BEST SIXTY PAQ;LIMPIEZA;NULL;NULL;386;NULL;MEDIR;Q;STK Britez Borges
7840049079451; PAPEL HIGIENICO NEUTRO HIGIENOL TEXTURADO 8UN;LIMPIEZA;NULL;NULL;387;NULL;MEDIR;Q;STK Britez Borges
7840118010156; JABON EN PAN CAVALLARO PCK 400 BLANCO;LIMPIEZA;NULL;NULL;388;NULL;MEDIR;Q;STK Britez Borges
7840585000421;" LAVANDINA ""LAVA 1000"" 5LT LAVA 1000";LIMPIEZA;NULL;NULL;389;NULL;MEDIR;Q;STK Britez Borges
7840229000213; SERVILLETA BAMBINO PAQ 50 UN 24X22;LIMPIEZA;NULL;NULL;390;NULL;MEDIR;Q;STK Britez Borges
7840154102068;" PASTILLA P/INOD ""BASE BASE"" FLORAL 40GR";LIMPIEZA;NULL;NULL;391;NULL;MEDIR;Q;STK Britez Borges
7840049013615; PAPEL HIGIENICO DOBLE HOJA 4UND HIGIENOL PAQ;LIMPIEZA;NULL;NULL;392;NULL;MEDIR;Q;STK Britez Borges
7791290786615; JABON E/POLVO BAJA ESPUMA PIEL SENSIBLE 700GR OMO MATIC BSA;LIMPIEZA;NULL;NULL;393;NULL;MEDIR;Q;STK Britez Borges
7896104998724; TOALLA DE PAPEL MILI 12X2 UN;LIMPIEZA;NULL;NULL;394;NULL;MEDIR;Q;STK Britez Borges
7840033008436; JABON LIQUIDO TRADICIONAL 1.5LT PACHOLI FRAS;LIMPIEZA;NULL;NULL;395;NULL;MEDIR;Q;STK Britez Borges
7840118213908; JABON E/POLVO GUAIRA EXTRA 2KG C/AZUL BLANQUEADOR;LIMPIEZA;NULL;NULL;396;NULL;MEDIR;Q;STK Britez Borges
7798038152718; PAPEL HIGIENICO RINDEMAX 30M X 4UN SCOTT PAQ;LIMPIEZA;NULL;NULL;397;NULL;MEDIR;Q;STK Britez Borges
7841454000245; SERVILLETAS D/PAPEL 100UN STOCK;LIMPIEZA;NULL;NULL;398;NULL;MEDIR;Q;STK Britez Borges
7790520014313; DESINFECTANTE D/ AMBIENTE ORIGINAL 420ML LYSOFORM AER;LIMPIEZA;NULL;NULL;399;NULL;MEDIR;Q;STK Britez Borges
7730219013005; ROLLO DE COCINA DOBLE HOJA 2UN 70PAÑOS ELITE PAQ;LIMPIEZA;NULL;NULL;400;NULL;MEDIR;Q;STK Britez Borges
7840585000377;" DETERGENTE ""LAVA 1000"" MANZANA 5LT";LIMPIEZA;NULL;NULL;401;NULL;MEDIR;Q;STK Britez Borges
7791290012608; DETERGENTE E/POLVO PERFECTO RESULTADO 400GR SKIP BSA;LIMPIEZA;NULL;NULL;402;NULL;MEDIR;Q;STK Britez Borges
7840154104345; SUAVIZANTE PREMIUN FLORAL BASE BASE 450CC DOYPACK;LIMPIEZA;NULL;NULL;403;NULL;MEDIR;Q;STK Britez Borges
7790520012432; ANTIGRASA TOTAL COCINA NARANJA 450ML MR MUSCULO DOYPACK;LIMPIEZA;NULL;NULL;404;NULL;MEDIR;Q;STK Britez Borges
7840118215568; JABON E/POLVO GUAIRA EXTRA BSA 800GR;LIMPIEZA;NULL;NULL;405;NULL;MEDIR;Q;STK Britez Borges
7840001009335; DESODORANTE DE AMBIENTES FLOR DE IRIS 185 GR PINOLECHE AER;LIMPIEZA;NULL;NULL;406;NULL;MEDIR;Q;STK Britez Borges
7840118218644; SUAVIZANTE TROPICAL 450ML CAVALLARO DOYP;LIMPIEZA;NULL;NULL;407;NULL;MEDIR;Q;STK Britez Borges
7840154101115;" LAVANDINA ""BASE BASE"" 2,5% DE 5 LITROS";LIMPIEZA;NULL;NULL;408;NULL;MEDIR;Q;STK Britez Borges
